<?xml version="1.0" encoding="UTF-8" standalone="yes"?>
<addon id="repository.decosub" name="[COLOR lime]Decosub[/COLOR] Repo" version="0.0.1" provider-name="Decosub">
    <extension point="xbmc.addon.repository" name="Mi repositorio">
        <info>https://raw.githubusercontent.com/xxxxxxxxxxxxxxxxxxxx/Repo/master/Repositorio/addons.xml</info>
        <checksum>https://raw.githubusercontent.com/decosub/repo/master/Repositorio/addons.xml.md5</checksum>
        <datadir zip="true">https://raw.githubusercontent.com/decosub/master/Repositorio/</datadir>
    </extension>
    <extension point="xbmc.addon.metadata">
        <summary>by Decosub</summary>
        <description></description>
        <disclaimer></disclaimer>
        <platform>all</platform>
    </extension>
</addon>
